prize,race_id,date,venue,race_no,surface,distance,going,horse_ratings,race_class,sec_time,win_combination
485000,0,6/2/1997,ST,1,0,1400,GOOD TO FIRM,40-15,5,13.53,8
485000,1,6/2/1997,ST,2,0,1200,GOOD TO FIRM,40-15,5,24.05,5
625000,2,6/2/1997,ST,3,0,1400,GOOD TO FIRM,60-40,4,13.77,11
1750000,3,6/2/1997,ST,4,0,1200,GOOD TO FIRM,120-95,1,24.33,5
625000,4,6/2/1997,ST,5,0,1600,GOOD TO FIRM,60-40,4,25.45,2
625000,5,6/2/1997,ST,6,0,1200,GOOD TO FIRM,60-40,4,23.47,9
485000,10,6/4/1997,HV,1,0,1650,GOOD TO FIRM,40-15,5,27.53,2
625000,11,6/4/1997,HV,2,0,1650,GOOD TO FIRM,60-40,4,27.67,2
625000,12,6/4/1997,HV,3,0,1200,GOOD TO FIRM,60-40,4,23.92,1
625000,13,6/4/1997,HV,4,0,1000,GOOD TO FIRM,60-40,4,12.8,1
850000,25,6/8/1997,ST,8,1,1200,GOOD,80-60,3,23.78,9
1750000,26,6/8/1997,ST,9,0,1400,GOOD TO FIRM,115-90,1,13.52,3
850000,27,6/8/1997,ST,10,0,1400,GOOD TO FIRM,85-60,3,13.75,5
485000,31,6/11/1997,HV,4,0,1650,GOOD TO YIELDING,40-15,5,27.88,3
625000,32,6/11/1997,HV,5,0,1650,GOOD TO YIELDING,65-40,4,27.64,9
850000,33,6/11/1997,HV,6,0,1800,GOOD,80-60,3,13.91,10
850000,34,6/11/1997,HV,7,0,1200,GOOD,80-60,3,24.16,5
1150000,35,6/11/1997,HV,8,0,1650,GOOD,95-75,2,27.43,10
625000,36,6/15/1997,ST,1,0,1200,GOOD TO FIRM,60-40,4,23.75,10
485000,37,6/15/1997,ST,2,0,1600,GOOD TO FIRM,40-15,5,24.5,12
625000,38,6/15/1997,ST,3,0,1200,GOOD TO FIRM,60-40,4,23.7,3
485000,39,6/15/1997,ST,4,0,1400,GOOD TO FIRM,40-15,5,13.81,4
625000,40,6/15/1997,ST,5,0,1400,GOOD TO FIRM,60-40,4,13.72,2
850000,51,6/18/1997,ST,6,0,1000,GOOD TO FIRM,80-60,3,13.62,8
625000,52,6/18/1997,ST,7,0,1400,GOOD TO FIRM,60-40,4,13.62,11
850000,54,6/18/1997,ST,9,0,1400,GOOD TO FIRM,80-60,3,14.09,9
1150000,55,6/18/1997,ST,10,0,1400,GOOD TO FIRM,100-80,2,14,1
850000,56,6/22/1997,ST,1,0,1600,GOOD TO YIELDING,80-60,3,24.77,7
625000,57,6/22/1997,ST,2,1,1650,WET SLOW,65-40,4,28.73,4
1150000,58,6/22/1997,ST,3,0,1800,GOOD TO YIELDING,100-80,2,14.06,7
485000,59,6/22/1997,ST,4,0,1800,GOOD TO YIELDING,40-10,5,13.78,12
625000,60,6/22/1997,ST,5,1,1200,WET SLOW,60-40,4,24.23,11
1150000,61,6/22/1997,ST,6,1,1200,WET SLOW,100-80,2,23.64,12
625000,62,6/22/1997,ST,7,0,1400,GOOD TO YIELDING,60-40,4,13.86,1
850000,64,6/22/1997,ST,9,1,1200,WET SLOW,80-60,3,23.54,6
850000,65,6/22/1997,ST,10,0,1400,GOOD TO YIELDING,80-60,3,13.8,6
485000,66,6/25/1997,HV,1,0,1650,GOOD,40-10,5,28,1
625000,67,6/25/1997,HV,2,0,1800,GOOD,60-40,4,13.78,5
485000,74,6/29/1997,ST,1,0,1200,GOOD TO FIRM,40-15,5,24.55,10
485000,75,6/29/1997,ST,2,0,1400,GOOD TO FIRM,40-15,5,13.58,7
625000,76,6/29/1997,ST,3,0,1200,GOOD TO FIRM,60-40,4,24.41,10
625000,77,6/29/1997,ST,4,0,1200,GOOD TO FIRM,60-40,4,23.96,3
625000,78,6/29/1997,ST,5,0,1400,GOOD TO FIRM,60-40,4,13.69,6
850000,91,7/2/1997,HV,7,0,1200,GOOD,80-60,3,24.11,1
850000,92,7/2/1997,HV,8,0,1800,GOOD,80-60,3,13.73,9
625000,93,7/6/1997,HV,1,0,2200,GOOD,60-40,4,14.61,10
485000,94,7/6/1997,HV,2,0,1650,GOOD,40-15,5,28,10
850000,118,7/16/1997,ST,4,1,1200,GOOD,80-60,3,23.5,9
485000,119,7/16/1997,ST,5,1,1650,GOOD,40-10,5,28.78,1
625000,120,7/16/1997,ST,6,1,1650,GOOD,60-40,4,28.61,5
1150000,121,7/16/1997,ST,7,1,1650,GOOD,100-80,2,28.34,13
850000,122,7/16/1997,ST,8,1,1650,GOOD,80-60,3,28.09,12
625000,349,10/19/1997,ST,1,0,1400,GOOD,60-40,4,13.83,4
625000,350,10/19/1997,ST,2,0,1200,GOOD,60-40,4,23.78,2
625000,351,10/19/1997,ST,3,0,1400,GOOD,60-40,4,13.56,11
485000,352,10/19/1997,ST,4,0,1400,GOOD,40-10,5,13.95,4
1750000,353,10/19/1997,ST,5,1,1650,GOOD,110-85,1,28.09,8
625000,363,10/22/1997,HV,5,0,1200,GOOD,60-40,4,24.36,1
850000,364,10/22/1997,HV,6,0,1650,GOOD,80-60,3,27.81,12
850000,365,10/22/1997,HV,7,0,1800,GOOD,80-60,3,13.84,7
850000,366,10/22/1997,HV,8,0,1200,GOOD,80-60,3,23.98,5
850000,373,10/26/1997,ST,7,1,1200,GOOD,80-60,3,23.39,2
850000,375,10/26/1997,ST,9,0,1600,GOOD,80-60,3,24.8,4
1150000,376,10/26/1997,ST,10,0,1400,GOOD,95-75,2,13.66,9
850000,377,10/26/1997,ST,11,0,1400,GOOD,80-60,3,13.75,2
485000,378,10/29/1997,HV,1,0,1000,GOOD,40-0,5,13.28,6
485000,379,10/29/1997,HV,2,0,2200,GOOD,40-0,5,14.16,9
625000,380,10/29/1997,HV,3,0,1200,GOOD,60-40,4,24.53,6
625000,387,11/2/1997,ST,2,1,1200,GOOD,60-40,4,23.91,10
850000,388,11/2/1997,ST,3,0,1200,GOOD,80-60,3,24.66,1
1150000,389,11/2/1997,ST,4,0,1600,GOOD,100-80,2,25.58,1
625000,390,11/2/1997,ST,5,0,2000,GOOD,60-40,4,26.34,13
625000,391,11/2/1997,ST,6,1,1650,GOOD,60-40,4,28.11,14
625000,392,11/2/1997,ST,7,0,1400,GOOD,65-40,4,13.59,2
850000,403,11/5/1997,HV,7,0,1200,GOOD,85-60,3,24.64,1
850000,404,11/5/1997,HV,8,0,1650,GOOD,80-60,3,27.98,11
625000,415,11/12/1997,HV,1,0,1200,GOOD,60-40,4,24.39,4
485000,416,11/12/1997,HV,2,0,1800,GOOD,40-10,5,13.74,1
625000,417,11/12/1997,HV,3,0,1650,GOOD,60-40,4,27.72,9
850000,418,11/12/1997,HV,4,0,1200,GOOD,80-60,3,24.08,3
850000,429,11/16/1997,ST,7,0,1000,GOOD TO YIELDING,80-60,3,13.24,13
850000,430,11/16/1997,ST,8,0,1200,GOOD TO YIELDING,80-60,3,24.81,12
850000,432,11/16/1997,ST,10,0,1400,GOOD TO YIELDING,80-60,3,13.55,4
1150000,433,11/16/1997,ST,11,0,1400,GOOD TO YIELDING,100-80,2,13.74,6
485000,434,11/19/1997,ST,1,1,1200,GOOD,40-0,5,23.2,7
850000,435,11/19/1997,ST,2,1,1200,GOOD,85-60,3,23.05,7
625000,436,11/19/1997,ST,3,1,1200,GOOD,60-40,4,23.67,4
485000,437,11/19/1997,ST,4,1,1650,GOOD,40-0,5,28.25,13
850000,438,11/19/1997,ST,5,1,1200,GOOD,80-60,3,23.45,5
625000,439,11/19/1997,ST,6,1,1650,GOOD,60-40,4,27.39,5
1150000,440,11/19/1997,ST,7,1,1650,GOOD,100-80,2,27.91,7
850000,441,11/19/1997,ST,8,1,1650,GOOD,80-60,3,27.25,6
625000,443,11/22/1997,ST,2,0,1000,GOOD TO YIELDING,60-40,4,13.84,1
625000,444,11/22/1997,ST,3,0,1200,GOOD TO YIELDING,60-40,4,24.11,5
485000,445,11/22/1997,ST,4,0,1400,GOOD TO YIELDING,40-0,5,13.67,9
625000,446,11/22/1997,ST,5,0,1400,GOOD TO YIELDING,60-40,4,13.84,9
850000,457,11/26/1997,HV,6,0,1200,GOOD,80-60,3,24.24,5
850000,458,11/26/1997,HV,7,0,1650,GOOD,80-60,3,27.55,1
1400000,459,11/26/1997,HV,8,0,1650,GOOD,105-80,1,27.58,1
485000,470,12/3/1997,HV,1,0,1650,GOOD,40-0,5,27.72,11
625000,471,12/3/1997,HV,2,0,1000,GOOD,60-40,4,13.16,4
850000,472,12/3/1997,HV,3,0,2200,GOOD,80-60,3,14.16,8
625000,479,12/7/1997,ST,2,0,1200,GOOD,60-40,4,24.56,12
1750000,480,12/7/1997,ST,3,0,1200,GOOD,115-90,1,24.12,6
625000,481,12/7/1997,ST,4,0,1600,GOOD,60-40,4,25.38,1
485000,482,12/7/1997,ST,5,0,1400,GOOD,40-10,5,13.89,1
850000,483,12/7/1997,ST,6,0,1200,GOOD,80-60,3,24.72,1
625000,484,12/7/1997,ST,7,0,1400,GOOD,60-40,4,13.66,4
850000,487,12/7/1997,ST,10,0,1600,GOOD,80-60,3,24.92,7
850000,488,12/7/1997,ST,11,0,1400,GOOD,80-60,3,13.95,7
485000,725,5/31/1998,ST,1,0,1400,GOOD,40-15,5,13.99,2
485000,726,5/31/1998,ST,2,0,1200,GOOD,40-15,5,24.45,1
625000,727,5/31/1998,ST,3,0,1600,GOOD,60-40,4,24.59,12
1750000,728,5/31/1998,ST,4,0,1200,GOOD,120-95,1,23.38,11
625000,729,5/31/1998,ST,5,0,1200,GOOD,60-40,4,24.05,9
850000,740,6/3/1998,HV,6,0,1200,GOOD,80-60,3,24.06,2
850000,741,6/3/1998,HV,7,0,1650,GOOD,80-60,3,27.27,10
1150000,742,6/3/1998,HV,8,0,1200,GOOD,100-80,2,23.44,5
485000,753,6/10/1998,HV,1,0,1000,GOOD TO FIRM,40-15,5,12.92,3
485000,754,6/10/1998,HV,2,0,1650,GOOD TO FIRM,40-15,5,27.77,6
485000,761,6/13/1998,ST,1,1,1200,FAST,40-15,5,23.78,4
625000,762,6/13/1998,ST,2,0,1200,GOOD,60-40,4,24.25,2
625000,763,6/13/1998,ST,3,0,1200,GOOD,60-40,4,24.16,1
485000,764,6/13/1998,ST,4,0,1400,GOOD,40-15,5,13.91,2
625000,765,6/13/1998,ST,5,1,1650,FAST,60-40,4,28.12,2
625000,766,6/13/1998,ST,6,0,1400,GOOD,60-40,4,13.78,2
1150000,767,6/13/1998,ST,7,0,1200,GOOD,100-80,2,24.06,8
850000,768,6/13/1998,ST,8,0,1200,GOOD,80-60,3,24.05,8
850000,769,6/13/1998,ST,9,0,1400,GOOD,80-60,3,13.74,11
850000,770,6/13/1998,ST,10,0,1200,GOOD,80-60,3,23.92,10
850000,779,6/18/1998,HV,9,0,1400,GOOD,80-60,3,13.52,14
1400000,780,6/18/1998,HV,10,0,1600,GOOD,105-80,1,24.52,8
625000,781,6/21/1998,ST,1,0,1800,GOOD TO FIRM,60-40,4,14.05,2
485000,782,6/21/1998,ST,2,0,1400,GOOD TO FIRM,40-15,5,13.78,12
850000,783,6/21/1998,ST,3,0,1800,GOOD TO FIRM,85-60,3,14.17,3
625000,784,6/21/1998,ST,4,1,1200,GOOD,60-40,4,23.84,4
625000,785,6/21/1998,ST,5,0,1400,GOOD TO FIRM,60-40,4,13.64,2
850000,786,6/21/1998,ST,6,1,1200,GOOD,80-60,3,23.42,10
850000,787,6/21/1998,ST,7,0,1200,GOOD TO FIRM,80-60,3,24.09,3
1150000,789,6/21/1998,ST,9,1,1200,GOOD,100-80,2,23.61,4
1150000,790,6/21/1998,ST,10,0,1400,GOOD TO FIRM,100-80,2,13.69,5
485000,791,6/24/1998,HV,1,0,1650,GOOD,40-10,5,27.77,9
625000,792,6/24/1998,HV,2,0,1650,GOOD,60-40,4,27.31,7
625000,793,6/24/1998,HV,3,0,1200,GOOD TO FIRM,60-40,4,23.83,1
485000,799,6/28/1998,ST,1,0,1600,GOOD TO FIRM,40-15,5,24.58,12
1150000,807,6/28/1998,ST,9,0,1200,GOOD,100-80,2,23.94,10
850000,808,6/28/1998,ST,10,0,1400,GOOD,80-60,3,13.61,7
850000,815,7/1/1998,HV,7,0,1800,GOOD TO FIRM,80-60,3,13.67,1
1150000,816,7/1/1998,HV,8,0,1650,GOOD TO FIRM,100-80,2,28.05,11
625000,817,7/4/1998,ST,1,0,1000,GOOD TO FIRM,60-40,4,13.42,8
485000,818,7/4/1998,ST,2,1,1650,FAST,40-10,5,28.08,14
625000,819,7/4/1998,ST,3,0,1400,GOOD TO FIRM,60-40,4,13.55,1
485000,820,7/4/1998,ST,4,0,1400,GOOD TO FIRM,40-10,5,13.62,13
625000,821,7/4/1998,ST,5,1,1650,FAST,60-40,4,28.5,2
625000,822,7/4/1998,ST,6,0,1600,GOOD TO FIRM,60-40,4,24.19,8
850000,823,7/4/1998,ST,7,1,1650,FAST,80-60,3,27.77,6
850000,824,7/4/1998,ST,8,0,1400,GOOD TO FIRM,80-60,3,13.53,6
850000,825,7/4/1998,ST,9,0,1200,GOOD TO FIRM,80-60,3,24.17,5
1400000,826,7/4/1998,ST,10,0,1400,GOOD TO FIRM,105-80,1,13.3,12
625000,827,7/8/1998,HV,1,0,1200,GOOD TO FIRM,60-40,4,23.95,11
625000,828,7/8/1998,HV,2,0,1200,GOOD TO FIRM,60-40,4,24.02,1
485000,829,7/8/1998,HV,3,0,1800,GOOD TO FIRM,40-10,5,14.14,5
625000,830,7/8/1998,HV,4,0,1650,GOOD TO FIRM,60-40,4,27.66,6
485000,835,7/12/1998,ST,1,0,1200,GOOD TO FIRM,40-15,5,24.7,6
850000,844,7/12/1998,ST,10,0,1600,GOOD TO FIRM,80-60,3,25.08,10
850000,852,7/19/1998,HV,8,0,1650,GOOD,85-60,3,27.09,8
1150000,853,7/19/1998,HV,9,0,1200,GOOD,100-80,2,23.16,1
1400000,854,7/19/1998,HV,10,0,1650,GOOD,105-80,1,27.27,2
485000,855,7/22/1998,ST,1,1,1200,FAST,40-10,5,24.09,4
625000,856,7/22/1998,ST,2,1,1800,FAST,60-40,4,13.81,5
625000,857,7/22/1998,ST,3,1,1200,FAST,60-40,4,23.53,5
485000,858,7/22/1998,ST,4,1,1800,FAST,40-0,5,13.84,8
625000,863,7/25/1998,ST,1,0,1000,GOOD,60-40,4,13.31,8
485000,864,7/25/1998,ST,2,0,1600,GOOD,40-0,5,24.75,4
485000,865,7/25/1998,ST,3,0,1400,GOOD,40-10,5,13.94,8
625000,866,7/25/1998,ST,4,0,1400,GOOD,60-40,4,13.8,9
485000,873,7/29/1998,HV,1,0,1000,GOOD TO FIRM,40-0,5,12.67,2
485000,874,7/29/1998,HV,2,0,1800,GOOD TO FIRM,40-0,5,13.69,5
625000,881,8/2/1998,ST,1,1,1650,FAST,60-40,4,28.17,10
625000,882,8/2/1998,ST,2,0,1200,GOOD,60-40,4,24.08,5
1400000,883,8/2/1998,ST,3,1,1200,FAST,105-80,1,23.48,3
625000,884,8/2/1998,ST,4,0,1800,GOOD,60-40,4,13.94,10
625000,885,8/2/1998,ST,5,0,1400,GOOD,60-40,4,13.86,8
850000,897,8/5/1998,HV,7,0,1650,GOOD TO FIRM,80-60,3,28.16,11
850000,898,8/5/1998,HV,8,0,1200,GOOD TO FIRM,80-60,3,23.81,5
625000,904,8/9/1998,ST,6,0,1200,GOOD,65-40,4,23.75,7
1150000,907,8/9/1998,ST,9,0,1200,GOOD,100-80,2,23.72,11
1150000,908,8/9/1998,ST,10,0,1400,GOOD,95-75,2,13.61,12
625000,909,8/12/1998,HV,1,0,1200,GOOD TO FIRM,60-40,4,23.53,7
625000,910,8/12/1998,HV,2,0,1650,GOOD TO FIRM,60-40,4,28,10
625000,911,8/12/1998,HV,3,0,1200,GOOD TO FIRM,60-40,4,23.64,2
625000,912,8/12/1998,HV,4,0,1650,GOOD TO FIRM,60-40,4,27.72,2
625000,917,8/16/1998,ST,1,0,1200,GOOD,60-40,4,24.02,12
625000,918,8/16/1998,ST,2,0,1000,GOOD,60-40,4,13.42,3
850000,919,8/16/1998,ST,3,0,1000,GOOD,85-60,3,13.56,10
485000,920,8/16/1998,ST,4,0,1400,GOOD,40-0,5,13.59,12
625000,921,8/16/1998,ST,5,0,1800,GOOD,60-40,4,14.14,10
850000,934,8/19/1998,HV,8,0,1650,GOOD TO FIRM,80-60,3,27.02,8
485000,938,8/23/1998,ST,4,1,1650,FAST,40-0,5,27.73,13
625000,939,8/23/1998,ST,5,1,1650,FAST,60-40,4,28.24,8
850000,940,8/23/1998,ST,6,1,1200,FAST,80-60,3,23.84,1
625000,941,8/23/1998,ST,7,0,1400,GOOD,60-40,4,13.52,4
1750000,942,8/23/1998,ST,8,1,1650,FAST,110-85,1,27.8,6
850000,943,8/23/1998,ST,9,0,1400,GOOD,80-60,3,13.36,9
850000,944,8/23/1998,ST,10,1,1650,FAST,85-60,3,27.83,8
485000,945,8/26/1998,HV,1,0,1650,GOOD,40-15,5,28.25,10
625000,946,8/26/1998,HV,2,0,1200,GOOD,60-40,4,23.74,3
812500,947,8/26/1998,HV,3,0,1650,GOOD,60-40,4,28.45,7
850000,948,8/26/1998,HV,4,0,1200,GOOD,80-60,3,23.44,9
850000,953,8/30/1998,ST,1,0,1200,GOOD,80-60,3,23.75,6
850000,954,8/30/1998,ST,2,0,1400,GOOD,80-60,3,13.83,13
625000,968,9/2/1998,HV,6,0,1200,GOOD,60-40,4,24.05,5
850000,969,9/2/1998,HV,7,0,1200,GOOD,80-60,3,23.67,12
850000,970,9/2/1998,HV,8,0,1800,GOOD,80-60,3,13.56,12
625000,976,9/5/1998,ST,6,0,1600,GOOD,60-40,4,24.25,1
850000,977,9/5/1998,ST,7,0,1000,GOOD,85-60,3,13.23,14
850000,978,9/5/1998,ST,8,0,1400,GOOD,80-60,3,13.56,14
1150000,979,9/5/1998,ST,9,0,1400,GOOD,100-80,2,13.78,12
850000,980,9/5/1998,ST,10,0,1600,GOOD,80-60,3,24.95,2
625000,981,9/9/1998,HV,1,0,1200,GOOD TO FIRM,60-40,4,23.78,11
485000,982,9/9/1998,HV,2,0,1650,GOOD TO FIRM,40-0,5,28.56,4
485000,989,9/13/1998,ST,1,0,1000,GOOD,40-0,5,13.42,10
625000,990,9/13/1998,ST,2,1,1200,FAST,60-40,4,23.47,8
625000,991,9/13/1998,ST,3,0,1200,GOOD,60-40,4,24.23,8
850000,992,9/13/1998,ST,4,1,1200,FAST,80-60,3,23.38,3
625000,993,9/13/1998,ST,5,0,2000,GOOD,60-40,4,26.66,2
625000,994,9/13/1998,ST,6,0,1600,GOOD,60-40,4,24.25,11
850000,995,9/13/1998,ST,7,1,1200,FAST,80-60,3,23.3,4
850000,996,9/13/1998,ST,8,0,1800,GOOD TO YIELDING,80-60,3,14.16,12
1400000,997,9/13/1998,ST,9,0,2000,GOOD TO YIELDING,105-80,1,25.94,14
850000,998,9/13/1998,ST,10,0,1400,GOOD TO YIELDING,80-60,3,13.88,13
625000,999,9/18/1998,ST,1,0,1200,GOOD,60-40,4,23.77,5
485000,1000,9/18/1998,ST,2,0,1400,GOOD,40-15,5,13.62,5
625000,1022,9/27/1998,ST,5,0,1400,GOOD,60-40,4,13.78,5
850000,1023,9/27/1998,ST,6,1,1800,FAST,80-60,3,13.99,2
1150000,1025,9/27/1998,ST,8,1,1200,FAST,100-80,2,23.34,4
1150000,1026,9/27/1998,ST,9,0,1400,GOOD,100-80,2,13.59,3
850000,1027,9/27/1998,ST,10,0,1400,GOOD,80-60,3,13.75,7
850000,1089,10/21/1998,HV,8,0,1650,GOOD TO FIRM,80-60,3,27.61,1
625000,1090,10/25/1998,ST,1,0,1000,YIELDING,60-40,4,13.39,6
625000,1091,10/25/1998,ST,2,0,1400,YIELDING,60-40,4,13.72,6
850000,1092,10/25/1998,ST,3,0,1000,YIELDING,80-60,3,13.19,14
485000,1093,10/25/1998,ST,4,1,1650,WET SLOW,40-10,5,28.34,9
625000,1094,10/25/1998,ST,5,0,1800,YIELDING,60-40,4,14,11
850000,1095,10/25/1998,ST,6,1,1200,WET SLOW,80-60,3,23.56,9
1150000,1096,10/25/1998,ST,7,0,1400,YIELDING,100-80,2,13.61,7
1150000,1098,10/25/1998,ST,9,1,1650,WET SLOW,100-75,2,28.42,14
850000,1099,10/25/1998,ST,10,0,1400,YIELDING,80-60,3,13.5,12
485000,1100,10/28/1998,HV,1,0,1200,GOOD,40-10,5,24.06,7
850000,1189,12/6/1998,ST,9,0,1800,GOOD,80-60,3,13.92,13
485000,1199,12/16/1998,HV,1,0,1650,GOOD TO FIRM,40-0,5,28.89,1
625000,1200,12/16/1998,HV,2,0,1650,GOOD TO FIRM,60-40,4,27.75,2
850000,1232,12/26/1998,ST,8,0,1200,GOOD TO YIELDING,80-60,3,23.94,1
850000,1233,12/26/1998,ST,9,0,1400,GOOD TO YIELDING,80-60,3,13.42,10
1150000,1234,12/26/1998,ST,10,0,1600,GOOD TO YIELDING,100-80,2,24.12,13
850000,1242,1/3/1999,HV,8,0,1200,GOOD,80-60,3,23.94,11
1150000,1243,1/3/1999,HV,9,0,1200,GOOD,100-80,2,23.55,3
1150000,1244,1/3/1999,HV,10,0,1650,GOOD,95-75,2,27.24,6
850000,1269,1/13/1999,HV,7,0,1800,GOOD TO FIRM,80-60,3,13.91,5
850000,1270,1/13/1999,HV,8,0,1650,GOOD TO FIRM,80-60,3,27.97,11
1150000,1288,1/20/1999,ST,7,1,1200,GOOD,100-80,2,23.23,9
850000,1289,1/20/1999,ST,8,1,1650,GOOD,80-60,3,28.5,12
485000,1290,1/23/1999,ST,1,0,1400,GOOD TO YIELDING,40-0,5,13.44,1
625000,1309,1/31/1999,ST,2,1,1200,FAST,60-40,4,23.77,5
625000,1314,1/31/1999,ST,7,0,1400,GOOD,60-40,4,13.73,4
850000,1315,1/31/1999,ST,8,1,1200,FAST,80-60,3,23.47,7
850000,1316,1/31/1999,ST,9,0,1400,GOOD,80-60,3,13.81,10
850000,1317,1/31/1999,ST,10,0,1600,GOOD,80-60,3,24.53,14
1150000,1318,1/31/1999,ST,11,0,1400,GOOD,100-80,2,13.81,14
850000,1325,2/3/1999,HV,7,0,1800,YIELDING,80-60,3,13.75,3
1150000,1326,2/3/1999,HV,8,0,1800,YIELDING,100-80,2,13.58,9
625000,1327,2/7/1999,ST,1,0,1000,GOOD TO YIELDING,60-40,4,12.98,10
625000,1328,2/7/1999,ST,2,0,1200,GOOD TO YIELDING,60-40,4,23.73,7
625000,1340,2/10/1999,HV,4,0,1200,GOOD TO FIRM,60-40,4,23.8,5
485000,1346,2/14/1999,ST,2,1,1200,GOOD,40-10,5,23.83,9
625000,1347,2/14/1999,ST,3,0,1200,YIELDING,60-40,4,24.19,13
625000,1348,2/14/1999,ST,4,0,1200,YIELDING,60-40,4,24.3,2
850000,1349,2/14/1999,ST,5,0,2000,YIELDING,80-60,3,26.36,12
625000,1350,2/14/1999,ST,6,1,1650,WET FAST,60-40,4,27.75,3
625000,1351,2/14/1999,ST,7,0,1400,YIELDING TO SOFT,65-40,4,13.59,6
850000,1353,2/14/1999,ST,9,0,1200,SOFT,80-60,3,24.5,2
1400000,1360,2/17/1999,HV,7,0,1200,GOOD TO YIELDING,105-80,1,23.66,3
850000,1361,2/17/1999,HV,8,0,1200,GOOD TO YIELDING,80-60,3,24.05,8
625000,1362,2/21/1999,ST,1,0,1200,GOOD,60-40,4,23.86,11
485000,1363,2/21/1999,ST,2,1,1800,GOOD,40-0,5,13.78,7
1400000,1380,2/24/1999,HV,8,0,1800,GOOD TO YIELDING,105-80,1,13.67,2
850000,1389,2/27/1999,ST,9,0,1400,GOOD,80-60,3,13.7,3
1150000,1390,2/27/1999,ST,10,0,1600,GOOD,100-80,2,24.19,11
485000,1392,3/3/1999,ST,2,0,1800,GOOD TO YIELDING,40-0,5,13.97,5
1150000,1411,3/7/1999,HV,10,0,1650,GOOD TO FIRM,100-80,2,27.16,1
625000,1413,3/14/1999,ST,2,0,1200,YIELDING,60-40,4,24.31,4
625000,1414,3/14/1999,ST,3,0,1400,YIELDING,60-40,4,13.81,3
485000,1415,3/14/1999,ST,4,1,1650,WET SLOW,40-0,5,28.3,13
625000,1416,3/14/1999,ST,5,1,1650,WET SLOW,60-40,4,27.89,6
625000,1417,3/14/1999,ST,6,0,1200,YIELDING TO SOFT,60-40,4,24.16,8
850000,1422,3/14/1999,ST,11,0,1400,YIELDING TO SOFT,85-60,3,13.58,8
625000,1423,3/18/1999,ST,1,0,1000,GOOD,60-40,4,13.38,1
850000,1431,3/18/1999,ST,9,0,1400,GOOD,80-60,3,13.69,7
485000,1435,3/21/1999,ST,3,0,1600,GOOD TO FIRM,40-0,5,25.11,8
625000,1436,3/21/1999,ST,4,1,1200,FAST,60-40,4,23.75,2
625000,1437,3/21/1999,ST,5,0,1400,GOOD TO FIRM,60-40,4,13.69,4
625000,1438,3/21/1999,ST,6,0,1800,GOOD TO FIRM,60-40,4,13.97,11
1150000,1439,3/21/1999,ST,7,1,1650,FAST,100-80,2,28.09,8
850000,1440,3/21/1999,ST,8,0,1600,GOOD TO FIRM,80-60,3,24.88,4
850000,1441,3/21/1999,ST,9,1,1200,FAST,80-60,3,24.02,4
1750000,1442,3/21/1999,ST,10,0,1000,GOOD TO FIRM,110-85,1,13.05,11
850000,1443,3/21/1999,ST,11,0,1400,GOOD TO FIRM,80-60,3,13.72,5
485000,1444,3/24/1999,HV,1,0,1800,GOOD,40-0,5,13.84,12
625000,1445,3/24/1999,HV,2,0,1650,GOOD TO FIRM,60-40,4,27.2,11
625000,1446,3/24/1999,HV,3,0,1200,GOOD TO FIRM,65-40,4,23.53,10
625000,1447,3/24/1999,HV,4,0,1650,GOOD TO FIRM,60-40,4,27.47,9
625000,1452,3/28/1999,ST,1,0,1200,GOOD,60-40,4,24,2
625000,1453,3/28/1999,ST,2,0,1200,GOOD,60-40,4,23.92,2
1400000,1470,3/31/1999,HV,8,0,1200,GOOD TO FIRM,105-80,1,23.19,4
1750000,1474,5/23/1999,ST,4,0,1200,GOOD,120-95,1,24.53,7
500000,1475,5/23/1999,ST,5,0,1400,GOOD,40-15,5,13.75,7
640000,1481,5/26/1999,HV,1,0,1000,GOOD,60-40,4,13.05,5
500000,1482,5/26/1999,HV,2,0,1200,GOOD,40-15,5,23.72,1
640000,1487,5/26/1999,HV,7,0,1650,GOOD,60-40,4,27.56,10
850000,1488,5/26/1999,HV,8,0,1000,SOFT,80-60,3,12.75,1
500000,1489,5/30/1999,ST,1,0,1000,GOOD,40-15,5,13.58,2
640000,1490,5/30/1999,ST,2,0,1400,GOOD,60-40,4,13.95,8
640000,1491,5/30/1999,ST,3,0,1000,GOOD TO YIELDING,60-40,4,13.45,1
500000,1492,5/30/1999,ST,4,0,1600,GOOD TO YIELDING,40-15,5,25.11,1
640000,1493,5/30/1999,ST,5,1,1200,WET SLOW,60-40,4,23.75,5
640000,1494,5/30/1999,ST,6,0,1400,GOOD TO YIELDING,60-40,4,13.66,7
850000,1495,5/30/1999,ST,7,0,1000,GOOD TO YIELDING,80-60,3,13.08,2
850000,1496,5/30/1999,ST,8,1,1200,WET SLOW,85-60,3,23.48,8
850000,1497,5/30/1999,ST,9,0,1400,GOOD TO YIELDING,80-60,3,13.77,4
1150000,1498,5/30/1999,ST,10,0,1400,YIELDING,95-75,2,13.66,14
640000,1499,6/2/1999,HV,1,0,1200,GOOD,60-40,4,23.67,3
640000,1500,6/2/1999,HV,2,0,1200,GOOD TO FIRM,60-40,4,23.67,2
500000,1501,6/2/1999,HV,3,0,1200,GOOD TO FIRM,40-15,5,23.81,8
640000,1502,6/2/1999,HV,4,0,1650,GOOD TO FIRM,60-40,4,27.62,5
640000,1507,6/5/1999,ST,1,0,1000,GOOD,60-40,4,13.5,3
640000,1508,6/5/1999,ST,2,0,1200,GOOD,60-40,4,24.11,8
850000,1524,6/10/1999,HV,8,0,1200,GOOD,80-60,3,23.66,2
1150000,1525,6/10/1999,HV,9,0,1650,GOOD,100-80,2,27.8,3
850000,1526,6/10/1999,HV,10,0,1650,GOOD,80-60,3,27.38,8
850000,1535,6/13/1999,ST,9,0,1400,GOOD,80-60,3,13.34,5
1150000,1536,6/13/1999,ST,10,0,1200,GOOD,100-80,2,24.12,8
850000,1537,6/18/1999,ST,1,0,1800,GOOD TO FIRM,80-60,3,14.03,3
640000,1538,6/18/1999,ST,2,0,1200,GOOD TO FIRM,60-40,4,24.2,8
500000,1539,6/18/1999,ST,3,0,1600,GOOD TO FIRM,40-15,5,24.48,1
850000,1546,6/18/1999,ST,10,0,1400,GOOD TO FIRM,80-60,3,13.61,2
500000,1547,6/23/1999,HV,1,0,1200,GOOD,40-15,5,24.27,5
640000,1548,6/23/1999,HV,2,0,1200,GOOD,60-40,4,23.72,4
640000,1549,6/23/1999,HV,3,0,1200,GOOD,60-40,4,24.17,2
640000,1555,6/27/1999,ST,1,1,1200,GOOD,60-40,4,23.88,9
640000,1556,6/27/1999,ST,2,0,1200,GOOD,60-40,4,23.64,12
850000,1560,6/27/1999,ST,6,1,1650,WET SLOW,85-60,3,28.47,6
1400000,1561,6/27/1999,ST,7,1,1200,WET SLOW,105-80,1,23.39,7
850000,1562,6/27/1999,ST,8,0,1400,GOOD,80-60,3,13.42,7
850000,1563,6/27/1999,ST,9,0,1200,GOOD,80-60,3,23.94,3
1150000,1564,6/27/1999,ST,10,0,1400,GOOD,100-80,2,13.7,7
850000,1571,6/30/1999,HV,7,0,1650,GOOD TO FIRM,80-60,3,27.53,8
1150000,1572,6/30/1999,HV,8,0,1650,GOOD TO FIRM,95-75,2,27.59,1
500000,1573,7/4/1999,ST,1,0,1200,GOOD TO FIRM,40-15,5,23.86,1
640000,1574,7/4/1999,ST,2,0,1200,GOOD TO FIRM,60-40,4,24,2
500000,1583,7/7/1999,HV,1,0,1200,GOOD TO FIRM,40-10,5,24,8
640000,1584,7/7/1999,HV,2,0,1200,GOOD TO FIRM,60-40,4,24.2,6
850000,1599,7/11/1999,ST,9,0,1200,GOOD TO FIRM,80-60,3,23.78,6
850000,1600,7/11/1999,ST,10,0,1600,GOOD TO FIRM,80-60,3,24.45,13
850000,1608,7/18/1999,HV,8,0,1800,GOOD,80-60,3,13.36,7
850000,1609,7/18/1999,HV,9,0,1200,GOOD,85-60,3,24.2,5
850000,1610,7/18/1999,HV,10,0,1650,GOOD,85-60,3,27.48,3
640000,1611,7/21/1999,ST,1,1,1200,GOOD,60-40,4,23.61,2
500000,1612,7/21/1999,ST,2,1,1200,GOOD,40-10,5,23.94,1
640000,1613,7/21/1999,ST,3,1,1200,GOOD,60-40,4,23.72,6
640000,1656,8/8/1999,ST,2,1,1200,GOOD,60-40,4,23.78,11
850000,1657,8/8/1999,ST,3,0,1600,GOOD TO FIRM,80-60,3,24.75,9
500000,1658,8/8/1999,ST,4,1,1800,GOOD,40-0,5,13.91,8
640000,1659,8/8/1999,ST,5,0,1400,GOOD TO FIRM,60-40,4,13.67,5
850000,1660,8/8/1999,ST,6,0,1400,GOOD TO FIRM,80-60,3,13.69,11
850000,1663,8/8/1999,ST,9,0,1200,GOOD TO FIRM,80-60,3,24.34,7
500000,1665,8/11/1999,HV,1,0,1000,GOOD,40-10,5,13.03,4
640000,1666,8/11/1999,HV,2,0,2200,GOOD,60-40,4,14.19,3
1150000,1682,8/15/1999,ST,10,0,1400,GOOD TO FIRM,95-75,2,13.73,14
640000,1686,8/18/1999,HV,4,0,1650,GOOD,60-40,4,28.16,3
850000,1687,8/18/1999,HV,5,0,1200,GOOD,80-60,3,23.89,1
500000,1691,8/21/1999,ST,1,1,1200,GOOD,40-0,5,23.49,8
640000,1692,8/21/1999,ST,2,0,1000,GOOD,60-40,4,13.72,3
640000,1693,8/21/1999,ST,3,1,1800,GOOD,60-40,4,13.97,7
1105000,1707,8/25/1999,HV,7,0,1800,GOOD,80-60,3,13.62,8
1150000,1708,8/25/1999,HV,8,0,1650,GOOD,95-75,2,28.08,6
500000,1719,9/1/1999,HV,1,0,1650,GOOD,40-0,5,29.47,6
640000,1720,9/1/1999,HV,2,0,1650,GOOD,60-40,4,28.72,3
850000,1725,9/1/1999,HV,7,0,1650,GOOD TO YIELDING,80-60,3,28.03,9
850000,1726,9/1/1999,HV,8,0,1200,GOOD TO YIELDING,80-60,3,23.77,5
640000,2025,1/2/2000,HV,6,0,1650,GOOD,65-40,4,27.8,3
850000,2026,1/2/2000,HV,7,0,1200,GOOD TO YIELDING,80-60,3,23.47,7
1400000,2027,1/2/2000,HV,8,0,2200,GOOD TO YIELDING,105-80,1,14.33,7
1750000,2028,1/2/2000,HV,9,0,1650,GOOD TO YIELDING,115-90,1,27.91,2
850000,2029,1/2/2000,HV,10,0,1800,GOOD TO YIELDING,80-60,3,13.8,2
640000,2030,1/5/2000,HV,1,0,1000,GOOD,60-40,4,12.77,1
640000,2044,1/10/2000,ST,7,0,1600,GOOD TO FIRM,60-40,4,25.22,6
850000,2045,1/10/2000,ST,8,0,2000,GOOD TO FIRM,80-60,3,26.05,5
850000,2047,1/10/2000,ST,10,0,1400,GOOD TO FIRM,80-60,3,13.62,14
1150000,2048,1/10/2000,ST,11,0,1400,GOOD TO FIRM,100-80,2,14,6
640000,2049,1/16/2000,ST,1,0,1200,GOOD,60-40,4,24.11,2
500000,2050,1/16/2000,ST,2,0,1200,GOOD,40-20,5,25,5
1150000,2066,1/19/2000,HV,8,0,1650,GOOD,100-80,2,27.2,10
640000,2068,1/22/2000,ST,2,0,1600,GOOD TO FIRM,60-40,4,24.31,5
640000,2069,1/22/2000,ST,3,0,1400,GOOD TO FIRM,60-40,4,13.74,12
640000,2070,1/22/2000,ST,4,1,1200,GOOD,60-40,4,23.73,3
850000,2076,1/22/2000,ST,10,0,1400,GOOD TO FIRM,80-60,3,13.66,10
500000,2078,1/25/2000,ST,2,1,1200,GOOD,40-10,5,23.78,9
640000,2079,1/25/2000,ST,3,0,1000,GOOD TO FIRM,60-40,4,13.56,6
500000,2080,1/25/2000,ST,4,0,1600,GOOD TO FIRM,40-10,5,25.08,2
640000,2081,1/25/2000,ST,5,0,1400,GOOD TO FIRM,60-40,4,13.73,6
640000,2082,1/25/2000,ST,6,0,2200,GOOD TO FIRM,60-35,4,13.8,5
640000,2083,1/25/2000,ST,7,1,1650,GOOD,60-40,4,28.06,14
850000,2084,1/25/2000,ST,8,0,1000,GOOD TO FIRM,80-60,3,13,8
850000,2085,1/25/2000,ST,9,1,1200,GOOD,85-60,3,23.81,4
1400000,2086,1/25/2000,ST,10,1,1650,GOOD,105-80,1,28.59,7
850000,2087,1/25/2000,ST,11,0,1600,GOOD TO FIRM,80-60,3,25.08,14
500000,2088,1/30/2000,ST,1,0,1400,GOOD,40-0,5,13.64,1
640000,2089,1/30/2000,ST,2,1,1200,WET SLOW,60-40,4,23.67,2
850000,2090,1/30/2000,ST,3,0,1200,GOOD,80-60,3,24.05,1
500000,2091,1/30/2000,ST,4,0,1400,GOOD,40-0,5,13.72,4
640000,2092,1/30/2000,ST,5,0,1600,GOOD,60-40,4,25.09,9
640000,2093,1/30/2000,ST,6,0,1400,GOOD,60-40,4,13.59,14
850000,2094,1/30/2000,ST,7,1,1200,WET SLOW,80-60,3,22.97,3
850000,2095,1/30/2000,ST,8,0,1400,GOOD,80-60,3,13.5,1
1400000,2096,1/30/2000,ST,9,0,1000,GOOD,105-80,1,13.09,11
850000,2097,1/30/2000,ST,10,1,1650,WET SLOW,80-60,3,27.58,4
500000,2098,2/2/2000,HV,1,0,1200,GOOD,40-10,5,24.19,9
640000,2099,2/2/2000,HV,2,0,1000,GOOD,60-40,4,12.7,11
850000,2100,2/2/2000,HV,3,0,2200,GOOD,80-60,3,14.59,1
640000,2106,2/5/2000,ST,1,0,1000,GOOD TO FIRM,60-40,4,13.36,3
500000,2107,2/5/2000,ST,2,0,1800,GOOD TO FIRM,40-10,5,13.92,10
1150000,2108,2/5/2000,ST,3,0,2000,GOOD TO FIRM,100-80,2,26.44,4
850000,2114,2/5/2000,ST,9,0,1400,GOOD TO YIELDING,80-60,3,13.8,12
1150000,2115,2/5/2000,ST,10,0,1600,GOOD TO YIELDING,100-80,2,24.58,7
850000,2122,2/9/2000,HV,7,0,1650,GOOD,80-60,3,27.75,5
1150000,2123,2/9/2000,HV,8,0,1200,GOOD,100-80,2,23.84,3
640000,2125,2/13/2000,ST,2,0,1200,GOOD TO FIRM,60-40,4,23.97,5
500000,2126,2/13/2000,ST,3,0,1600,GOOD TO FIRM,40-10,5,24.59,1
500000,2135,2/16/2000,HV,1,0,2200,GOOD,40-0,5,14.02,1
640000,2136,2/16/2000,HV,2,0,1650,GOOD,60-40,4,28.89,9
500000,2143,2/20/2000,ST,1,0,1200,GOOD TO FIRM,40-10,5,24.52,12
640000,2144,2/20/2000,ST,2,1,1200,GOOD,60-40,4,23.95,6
640000,2145,2/20/2000,ST,3,0,1200,GOOD TO FIRM,60-40,4,24.83,5
640000,2146,2/20/2000,ST,4,0,1400,GOOD TO FIRM,60-40,4,13.42,11
640000,2147,2/20/2000,ST,5,0,1800,GOOD TO FIRM,60-40,4,13.84,10
850000,2148,2/20/2000,ST,6,1,1650,GOOD,85-60,3,27.77,2
850000,2149,2/20/2000,ST,7,0,1200,GOOD TO FIRM,80-60,3,23.86,5
850000,2176,3/1/2000,HV,6,0,1200,GOOD,80-60,3,23.92,8
1750000,2177,3/1/2000,HV,7,0,1000,GOOD,110-85,1,12.74,8
1150000,2178,3/1/2000,HV,8,0,1650,GOOD,100-80,2,27.53,9
500000,2180,3/5/2000,ST,2,1,1650,GOOD,40-0,5,28.39,6
640000,2181,3/5/2000,ST,3,0,1400,GOOD,60-40,4,13.49,5
850000,2182,3/5/2000,ST,4,0,1200,GOOD,80-60,3,24.31,7
640000,2183,3/5/2000,ST,5,0,1400,GOOD TO FIRM,60-40,4,13.56,7
640000,2184,3/5/2000,ST,6,1,1200,GOOD,65-40,4,23.77,6
850000,2185,3/5/2000,ST,7,0,1400,GOOD TO FIRM,80-60,3,13.8,14
850000,2187,3/5/2000,ST,9,0,1800,GOOD TO FIRM,80-60,3,14.02,1
1150000,2188,3/5/2000,ST,10,1,1200,GOOD,100-80,2,23.33,8
1150000,2189,3/5/2000,ST,11,0,1800,GOOD TO FIRM,100-80,2,13.94,6
500000,2190,3/8/2000,HV,1,0,1200,GOOD TO YIELDING,40-10,5,23.8,1
640000,2191,3/8/2000,HV,2,0,1650,GOOD TO YIELDING,60-40,4,27.5,5
850000,2196,3/8/2000,HV,7,0,1200,YIELDING,80-60,3,24.02,7
850000,2197,3/8/2000,HV,8,0,1650,YIELDING,80-60,3,27.64,10
640000,2198,3/12/2000,ST,1,0,1000,GOOD,60-40,4,13.47,2
1150000,2207,3/12/2000,ST,10,0,1400,GOOD,100-80,2,13.38,9
500000,2209,3/17/2000,ST,2,0,1200,GOOD TO YIELDING,40-0,5,23.88,10
640000,2210,3/17/2000,ST,3,1,1650,WET SLOW,60-40,4,27.67,14
640000,2211,3/17/2000,ST,4,0,1200,GOOD TO YIELDING,60-40,4,24.09,4
850000,2212,3/17/2000,ST,5,1,1200,WET SLOW,80-60,3,23.81,12
640000,2213,3/17/2000,ST,6,0,1400,GOOD TO YIELDING,60-40,4,13.61,9
640000,2214,3/17/2000,ST,7,0,1800,GOOD TO YIELDING,60-40,4,13.88,6
1750000,2215,3/17/2000,ST,8,0,1200,GOOD,110-85,1,23.58,6
850000,2216,3/17/2000,ST,9,0,1800,GOOD,80-60,3,13.84,7
850000,2217,3/17/2000,ST,10,0,1400,GOOD,80-60,3,13.48,8
1400000,2218,3/17/2000,ST,11,1,1650,WET SLOW,105-80,1,27.58,7
500000,2219,3/22/2000,HV,1,0,1650,GOOD TO FIRM,40-0,5,27.89,7
640000,2220,3/22/2000,HV,2,0,1000,GOOD TO FIRM,60-40,4,12.91,1
500000,2227,3/26/2000,ST,1,0,1600,GOOD TO FIRM,40-0,5,25.09,3
640000,2228,3/26/2000,ST,2,0,1200,GOOD TO FIRM,60-40,4,23.86,14
500000,2229,3/26/2000,ST,3,0,1400,GOOD TO FIRM,40-20,5,13.27,6
1150000,2237,3/26/2000,ST,11,0,1400,GOOD TO FIRM,100-80,2,13.31,10
525000,2238,5/28/2000,ST,1,0,1200,GOOD,40-15,5,24.11,14
525000,2239,5/28/2000,ST,2,0,1400,GOOD,40-15,5,13.55,2
1200000,2255,5/31/2000,HV,8,0,1200,GOOD,100-80,2,23.84,8
900000,2320,6/25/2000,ST,11,0,1400,GOOD,80-60,3,13.62,10
675000,2323,6/28/2000,HV,3,0,1650,GOOD TO YIELDING,60-40,4,27.77,2
675000,2324,6/28/2000,HV,4,0,1200,GOOD TO YIELDING,60-40,4,23.84,5
900000,2325,6/28/2000,HV,5,0,1800,YIELDING,80-60,3,13.95,5
900000,2326,6/28/2000,HV,6,0,1650,YIELDING,80-60,3,27.66,9
525000,2329,7/2/2000,ST,1,0,2000,GOOD,40-10,5,26.39,3
675000,2330,7/2/2000,ST,2,0,1000,GOOD,60-40,4,13.62,4
675000,2331,7/2/2000,ST,3,0,1800,GOOD,60-40,4,14.36,4
525000,2357,7/12/2000,HV,1,0,1200,GOOD,40-10,5,23.72,10
525000,2366,7/16/2000,ST,2,0,1400,GOOD,40-10,5,13.39,9
675000,2367,7/16/2000,ST,3,0,1200,GOOD,60-40,4,23.75,5
1200000,2375,7/16/2000,ST,11,0,1400,GOOD,100-80,2,13.33,13
675000,2376,7/22/2000,ST,1,0,1200,GOOD TO FIRM,60-40,4,23.91,1
525000,2377,7/22/2000,ST,2,0,1600,GOOD TO FIRM,40-0,5,25.38,5
675000,2378,7/22/2000,ST,3,0,1000,GOOD TO FIRM,60-40,4,13.48,5
675000,2379,7/22/2000,ST,4,1,1800,GOOD,60-40,4,14,13
675000,2380,7/22/2000,ST,5,0,1400,GOOD TO FIRM,60-40,4,13.33,11
900000,2381,7/22/2000,ST,6,0,1400,GOOD TO FIRM,80-60,3,13.69,9
900000,2382,7/22/2000,ST,7,1,1200,GOOD,80-60,3,23.86,8
900000,2383,7/22/2000,ST,8,0,1000,GOOD TO FIRM,80-60,3,13.22,1
900000,2392,7/26/2000,HV,7,0,1650,GOOD TO YIELDING,80-60,3,27.48,10
1200000,2393,7/26/2000,HV,8,0,1800,GOOD TO YIELDING,100-80,2,13.53,1
1400000,2401,7/30/2000,ST,8,0,1400,GOOD,105-80,1,13.5,2
900000,2402,7/30/2000,ST,9,0,1600,GOOD,80-60,3,24.92,8
1200000,2403,7/30/2000,ST,10,0,1200,GOOD,100-80,2,24.17,6
525000,2404,8/2/2000,HV,1,0,1650,GOOD,40-10,5,28.02,5
675000,2405,8/2/2000,HV,2,0,1000,GOOD,60-40,4,12.77,8
675000,2412,8/6/2000,ST,1,0,1400,GOOD,60-40,4,13.59,6
525000,2413,8/6/2000,ST,2,0,1800,GOOD,40-0,5,14.08,2
1200000,2428,8/9/2000,HV,7,0,1650,GOOD,100-80,2,28.02,1
900000,2429,8/9/2000,HV,8,0,1650,GOOD,80-60,3,27.97,2
